ExperimentId,inputIndex,PTSD,PTSDImageArousalSubscale,CognitiveControlOverEmotion,Stress,Depression,ExecutiveScore,Neuroticism,BaseImageDominance,BaseImageArousal,BaseImageValence,NightmareDistress,NightmareEffects,NightmareFrequency,DASSAnxiety,FearExtinctionFailureThreshold,BaseFearExtinctionAttemptThreshold,LogNightmareFrequency,ptsdOffset,ptsdIASOffset,ccoeOffset,stressOffset,depressionOffset,executivescoreOffset,neuroticismOffset,dominanceOffset,arousalOffset,valenceOffset,scalingOffset,stopHour
41,40,0.2772,0.08729411764705883,0.6996296296296297,0.5493333333333333,0.24905882352941175,0.1935,0.44499999999999995,0.535,0.305,-1.393,0.22,0.08602637724753337,0.123,0.10408169856411355,0.25,0.5,-Infinity,0.464,0.348,0.187,0.374,0.474,0.188,0.449,0.453,0.231,0.221,0.25,341.0
32,31,0.24639999999999998,0.10911764705882353,0.5888148148148149,0.6619999999999999,0.2196470588235294,0.2405,0.9075,0.47555555555555556,0.2745,-1.375839,0.22,0.09199941293006744,0.123,0.14014835259781006,0.25,0.5,-Infinity,0.464,0.348,0.187,0.374,0.474,0.188,0.449,0.453,0.231,0.221,0.25,341.0
29,28,0.0924,0.021823529411764707,0.6511481481481483,0.493,0.2196470588235294,0.2796666666666667,0.6299999999999999,0.535,0.305,-1.393,0.22,0.08479298495770252,0.123,0.11482283239264704,0.25,0.5,-Infinity,0.464,0.348,0.187,0.374,0.474,0.188,0.449,0.453,0.231,0.221,0.25,341.0
94,93,0.030799999999999998,0.0,0.8312222222222223,0.493,0.10199999999999998,0.25616666666666665,0.25999999999999995,0.0,0.0305,-1.324356,0.22,0.07829650007382938,0.123,0.06634989816918402,0.25,0.5,-Infinity,0.464,0.348,0.187,0.374,0.474,0.188,0.449,0.453,0.231,0.221,0.25,341.0
3,2,0.015399999999999999,0.0,0.6857777777777778,0.5211666666666667,0.13141176470588234,0.2875,0.3524999999999999,0.3566666666666667,0.244,-1.393,0.22,0.07940697644534982,0.123,0.08129421259360549,0.25,0.5,-Infinity,0.464,0.348,0.187,0.374,0.474,0.188,0.449,0.453,0.231,0.221,0.25,341.0
82,81,0.061599999999999995,0.021823529411764707,0.6580740740740741,0.493,0.19023529411764706,0.2875,0.25999999999999995,0.535,0.305,-1.393,0.22,0.080360593145078,0.123,0.08261876148031044,0.25,0.5,-Infinity,0.464,0.348,0.187,0.374,0.474,0.188,0.449,0.453,0.231,0.221,0.25,341.0
4,3,0.3234,0.10911764705882353,0.6026666666666667,0.6619999999999999,0.3372941176470588,0.2718333333333333,0.9075,0.535,0.305,-1.393,0.22,0.09850127579898639,0.123,0.1600363007179228,0.25,0.5,-Infinity,0.464,0.348,0.187,0.374,0.474,0.188,0.449,0.453,0.231,0.221,0.25,341.0
101,100,0.0,0.0,0.775814814814815,0.493,0.10199999999999998,0.217,0.3524999999999999,0.0,0.0305,-1.324356,0.22,0.07811923659601462,0.123,0.06791447929581597,0.25,0.5,-Infinity,0.464,0.348,0.187,0.374,0.474,0.188,0.449,0.453,0.231,0.221,0.25,341.0
68,67,0.21559999999999996,0.06547058823529413,0.7342592592592594,0.6338333333333334,0.27847058823529414,0.29533333333333334,0.44499999999999995,0.41611111111111115,0.2745,-1.341517,0.22,0.08449376159364275,0.123,0.10024034756474082,0.25,0.5,-Infinity,0.464,0.348,0.187,0.374,0.474,0.188,0.449,0.453,0.231,0.221,0.25,341.0
7,6,0.7545999999999999,0.3055294117647059,0.5472592592592593,0.8028333333333333,0.45494117647058824,0.499,0.9075,0.535,0.305,-1.393,0.22,0.22023074435709228,0.12932258064516128,0.18436367248376223,0.25,0.5,1.0697396898147833,0.464,0.348,0.187,0.374,0.474,0.188,0.449,0.453,0.231,0.221,0.25,341.0
11,10,0.4158,0.06547058823529413,0.6372962962962964,0.6901666666666667,0.36670588235294116,0.20133333333333334,0.25999999999999995,0.47555555555555556,0.305,-1.393,0.2245294418425878,0.17683895044923792,0.21151612903225808,0.11647938808497299,0.25,0.5,2.2158677254930215,0.464,0.348,0.187,0.374,0.474,0.188,0.449,0.453,0.231,0.221,0.25,341.0
76,75,0.030799999999999998,0.043647058823529414,0.775814814814815,0.5493333333333333,0.10199999999999998,0.123,0.44499999999999995,0.23777777777777778,0.2745,-1.341517,0.22,0.0797102370615788,0.123,0.08438113736328616,0.25,0.5,-Infinity,0.464,0.348,0.187,0.374,0.474,0.188,0.449,0.453,0.231,0.221,0.25,341.0
66,65,0.030799999999999998,0.0,0.7965925925925927,0.493,0.13141176470588234,0.2875,0.25999999999999995,0.2972222222222223,0.244,-1.358678,0.22,0.07901792133931163,0.123,0.07517539821274866,0.25,0.5,-Infinity,0.464,0.348,0.187,0.374,0.474,0.188,0.449,0.453,0.231,0.221,0.25,341.0
50,49,0.12319999999999999,0.0,0.6857777777777778,0.5493333333333333,0.27847058823529414,0.16999999999999998,0.815,0.535,0.2745,-1.393,0.22,0.0886083063546011,0.123,0.1363514149268617,0.25,0.5,-Infinity,0.464,0.348,0.187,0.374,0.474,0.188,0.449,0.453,0.231,0.221,0.25,341.0
9,8,0.4311999999999999,0.2618823529411765,0.7411851851851853,0.6901666666666667,0.1608235294117647,0.20916666666666667,0.7224999999999999,0.535,0.305,-1.393,0.22,0.09382905258957117,0.123,0.1297319398001736,0.25,0.5,-Infinity,0.464,0.348,0.187,0.374,0.474,0.188,0.449,0.453,0.231,0.221,0.25,341.0
2,1,0.6314,0.28370588235294114,0.5403333333333333,0.7464999999999999,0.24905882352941175,0.20916666666666667,1.0,0.535,0.305,-1.393,0.22,0.10909544693913135,0.123,0.17181647540441175,0.25,0.5,-Infinity,0.464,0.348,0.187,0.374,0.474,0.188,0.449,0.453,0.231,0.221,0.25,341.0
97,96,0.0,0.0,0.8450740740740742,0.493,0.10199999999999998,0.1465,0.3524999999999999,0.23777777777777778,0.1525,-1.375839,0.22,0.07863823293719936,0.123,0.07572650732086106,0.25,0.5,-Infinity,0.464,0.348,0.187,0.374,0.474,0.188,0.449,0.453,0.231,0.221,0.25,341.0
57,56,0.0924,0.06547058823529413,0.6857777777777778,0.5493333333333333,0.19023529411764706,0.217,0.44499999999999995,0.3566666666666667,0.2135,-1.358678,0.22,0.08152687285488638,0.123,0.09201575407837026,0.25,0.5,-Infinity,0.464,0.348,0.187,0.374,0.474,0.188,0.449,0.453,0.231,0.221,0.25,341.0
60,59,0.0924,0.0,0.7065555555555556,0.5493333333333333,0.27847058823529414,0.13083333333333333,0.44499999999999995,0.535,0.305,-1.393,0.22,0.08372763909750697,0.123,0.10377340940998775,0.25,0.5,-Infinity,0.464,0.348,0.187,0.374,0.474,0.188,0.449,0.453,0.231,0.221,0.25,341.0
116,115,0.0,0.0,0.8104444444444445,0.493,0.10199999999999998,0.123,0.25999999999999995,0.0,0.0305,-1.324356,0.22,0.07808860034727375,0.123,0.06638041414461805,0.25,0.5,-Infinity,0.464,0.348,0.187,0.374,0.474,0.188,0.449,0.453,0.231,0.221,0.25,341.0
102,101,0.0924,0.021823529411764707,0.7065555555555556,0.5775,0.13141176470588234,0.24833333333333332,0.44499999999999995,0.41611111111111115,0.2745,-1.358678,0.22,0.08114509788434868,0.123,0.08970520291516566,0.25,0.5,-Infinity,0.464,0.348,0.187,0.374,0.474,0.188,0.449,0.453,0.231,0.221,0.25,341.0
27,26,0.23099999999999998,0.021823529411764707,0.5680370370370371,0.5211666666666667,0.24905882352941175,0.20916666666666667,0.815,0.2972222222222223,0.183,-1.393,0.22,0.08746713800779257,0.123,0.11742419813891547,0.25,0.5,-Infinity,0.464,0.348,0.187,0.374,0.474,0.188,0.449,0.453,0.231,0.221,0.25,341.0
71,70,0.2002,0.10911764705882353,0.8520000000000001,0.5493333333333333,0.10199999999999998,0.3345,0.25999999999999995,0.47555555555555556,0.061,-1.375839,0.22,0.08017652724090246,0.123,0.07581192628368667,0.25,0.5,-Infinity,0.464,0.348,0.187,0.374,0.474,0.188,0.449,0.453,0.231,0.221,0.25,341.0
5,4,0.6622,0.28370588235294114,0.7134814814814816,0.7746666666666666,0.30788235294117644,0.15433333333333332,0.5374999999999999,0.535,0.305,-1.393,0.22371380686001896,0.19796978059878506,0.15461290322580645,0.13407741807371903,0.25,0.5,1.768709694150802,0.464,0.348,0.187,0.374,0.474,0.188,0.449,0.453,0.231,0.221,0.25,341.0
13,12,0.1694,0.043647058823529414,0.6996296296296297,0.5211666666666667,0.10199999999999998,0.22483333333333333,0.25999999999999995,0.535,0.305,-1.393,0.22,0.08062273918562286,0.123,0.079966356861683,0.25,0.5,-Infinity,0.464,0.348,0.187,0.374,0.474,0.188,0.449,0.453,0.231,0.221,0.25,341.0
43,42,0.0462,0.021823529411764707,0.8035185185185185,0.5775,0.10199999999999998,0.20133333333333334,0.6299999999999999,0.535,0.305,-1.393,0.22,0.08210852950445391,0.123,0.1043649779360294,0.25,0.5,-Infinity,0.464,0.348,0.187,0.374,0.474,0.188,0.449,0.453,0.231,0.221,0.25,341.0
10,9,0.3234,0.0,0.7896666666666667,0.6338333333333334,0.24905882352941175,0.17783333333333334,0.25999999999999995,0.535,0.305,-1.393,0.22,0.08257172272919817,0.123,0.08483848112573528,0.25,0.5,-Infinity,0.464,0.348,0.187,0.374,0.474,0.188,0.449,0.453,0.231,0.221,0.25,341.0
108,107,0.24639999999999998,0.043647058823529414,0.7619629629629631,0.7183333333333333,0.36670588235294116,0.16999999999999998,0.3524999999999999,0.0,0.0305,-1.307195,0.22,0.09665221000670435,0.123,0.0827264600728245,0.25,0.5,-Infinity,0.464,0.348,0.187,0.374,0.474,0.188,0.449,0.453,0.231,0.221,0.25,341.0
65,64,0.5082,0.17458823529411766,0.5611111111111111,0.6901666666666667,0.3961176470588235,0.41283333333333333,0.9075,0.535,0.305,-1.393,0.22,0.2099362926712584,0.12932258064516128,0.16954652234825365,0.25,0.5,1.0697396898147833,0.464,0.348,0.187,0.374,0.474,0.188,0.449,0.453,0.231,0.221,0.25,341.0
33,32,0.47739999999999994,0.15276470588235294,0.6996296296296297,0.5775,0.602,0.20916666666666667,0.3524999999999999,0.535,0.305,-1.393,0.229591096125,0.18520785757500002,0.19887096774193547,0.15026625,0.25,0.5,2.148920935862408,0.464,0.348,0.187,0.374,0.474,0.188,0.449,0.453,0.231,0.221,0.25,341.0
8,7,0.5544,0.19641176470588234,0.7342592592592594,0.5775,0.3961176470588235,0.16216666666666668,0.9075,0.47555555555555556,0.2745,-1.375839,0.22,0.10674919214827287,0.123,0.16997086774197584,0.25,0.5,-Infinity,0.464,0.348,0.187,0.374,0.474,0.188,0.449,0.453,0.231,0.221,0.25,341.0
49,48,0.7699999999999999,0.28370588235294114,0.5888148148148149,0.6338333333333334,0.48435294117647054,0.31883333333333336,0.9075,0.535,0.305,-1.393,0.22,0.22233441166389245,0.12932258064516128,0.18936556810364455,0.25,0.5,1.0697396898147833,0.464,0.348,0.187,0.374,0.474,0.188,0.449,0.453,0.231,0.221,0.25,341.0
70,69,0.015399999999999999,0.0,0.775814814814815,0.493,0.10199999999999998,0.1465,0.5374999999999999,0.3566666666666667,0.2135,-1.358678,0.22,0.07982227500199565,0.123,0.08907013923341892,0.25,0.5,-Infinity,0.464,0.348,0.187,0.374,0.474,0.188,0.449,0.453,0.231,0.221,0.25,341.0
18,17,0.24639999999999998,0.043647058823529414,0.574962962962963,0.7183333333333333,0.27847058823529414,0.20133333333333334,1.0,0.535,0.305,-1.393,0.22,0.09559343122528817,0.123,0.15845538934640524,0.25,0.5,-Infinity,0.464,0.348,0.187,0.374,0.474,0.188,0.449,0.453,0.231,0.221,0.25,341.0
53,52,0.5851999999999999,0.19641176470588234,0.574962962962963,0.8028333333333333,0.24905882352941175,0.25616666666666665,0.9075,0.2972222222222223,0.305,-1.393,0.22,0.2044818840567041,0.12932258064516128,0.14147800765605878,0.25,0.5,1.0697396898147833,0.464,0.348,0.187,0.374,0.474,0.188,0.449,0.453,0.231,0.221,0.25,341.0
78,77,0.077,0.021823529411764707,0.7619629629629631,0.5775,0.13141176470588234,0.29533333333333334,0.3524999999999999,0.535,0.244,-1.238551,0.22,0.08048395280776803,0.123,0.08532058598359119,0.25,0.5,-Infinity,0.464,0.348,0.187,0.374,0.474,0.188,0.449,0.453,0.231,0.221,0.25,341.0
115,114,0.0,0.0,0.8520000000000001,0.493,0.10199999999999998,0.123,0.25999999999999995,0.0,0.0305,-1.307195,0.22,0.07808849068607925,0.123,0.06637739683468749,0.25,0.5,-Infinity,0.464,0.348,0.187,0.374,0.474,0.188,0.449,0.453,0.231,0.221,0.25,341.0
17,16,0.3388,0.10911764705882353,0.775814814814815,0.6338333333333334,0.24905882352941175,0.15433333333333332,0.3524999999999999,0.535,0.305,-1.375839,0.22,0.08509072332808326,0.123,0.0960098876745098,0.25,0.5,-Infinity,0.464,0.348,0.187,0.374,0.474,0.188,0.449,0.453,0.231,0.221,0.25,341.0
44,43,0.3234,0.19641176470588234,0.6303703703703705,0.5775,0.36670588235294116,0.217,0.815,0.535,0.305,-1.393,0.22,0.09909988649770932,0.123,0.15962415043966502,0.25,0.5,-Infinity,0.464,0.348,0.187,0.374,0.474,0.188,0.449,0.453,0.231,0.221,0.25,341.0
30,29,0.2618,0.08729411764705883,0.6234444444444445,0.7183333333333333,0.27847058823529414,0.2718333333333333,0.5374999999999999,0.535,0.305,-1.393,0.22,0.08786996061124919,0.123,0.11448846268673407,0.25,0.5,-Infinity,0.464,0.348,0.187,0.374,0.474,0.188,0.449,0.453,0.231,0.221,0.25,341.0
6,5,0.308,0.10911764705882353,0.6996296296296297,0.6056666666666667,0.2196470588235294,0.217,0.44499999999999995,0.41611111111111115,0.244,-1.358678,0.22,0.08506866210827284,0.123,0.09776060178826543,0.25,0.5,-Infinity,0.464,0.348,0.187,0.374,0.474,0.188,0.449,0.453,0.231,0.221,0.25,341.0
20,19,0.5236,0.21823529411764706,0.671925925925926,0.7464999999999999,0.27847058823529414,0.37366666666666665,0.815,0.47555555555555556,0.305,-1.358678,0.22214080697143343,0.20227895106435456,0.13564516129032259,0.14804413341605674,0.25,0.5,1.3707696854787645,0.464,0.348,0.187,0.374,0.474,0.188,0.449,0.453,0.231,0.221,0.25,341.0
83,82,0.0924,0.043647058823529414,0.8520000000000001,0.493,0.13141176470588234,0.123,0.25999999999999995,0.535,0.305,-1.393,0.22,0.08034725787388323,0.123,0.08139286812794118,0.25,0.5,-Infinity,0.464,0.348,0.187,0.374,0.474,0.188,0.449,0.453,0.231,0.221,0.25,341.0
19,18,0.7237999999999999,0.28370588235294114,0.47800000000000004,0.8591666666666666,0.48435294117647054,0.38933333333333336,1.0,0.3566666666666667,0.244,-1.375839,0.22,0.2205622355674664,0.12932258064516128,0.18868523513970586,0.25,0.5,1.0697396898147833,0.464,0.348,0.187,0.374,0.474,0.188,0.449,0.453,0.231,0.221,0.25,341.0
95,94,0.015399999999999999,0.0,0.8520000000000001,0.493,0.10199999999999998,0.1935,0.25999999999999995,0.23777777777777778,0.1525,-1.324356,0.22,0.07856270806826748,0.123,0.07198707731553819,0.25,0.5,-Infinity,0.464,0.348,0.187,0.374,0.474,0.188,0.449,0.453,0.231,0.221,0.25,341.0
62,61,0.12319999999999999,0.06547058823529413,0.7550370370370372,0.6619999999999999,0.2196470588235294,0.3345,0.5374999999999999,0.2972222222222223,0.183,-1.307195,0.22,0.08243880458342111,0.123,0.09662464493842828,0.25,0.5,-Infinity,0.464,0.348,0.187,0.374,0.474,0.188,0.449,0.453,0.231,0.221,0.25,341.0
24,23,0.1386,0.0,0.6788518518518519,0.6619999999999999,0.19023529411764706,0.22483333333333333,0.44499999999999995,0.23777777777777778,0.305,-1.393,0.22,0.08160790486425576,0.123,0.08910140893891716,0.25,0.5,-Infinity,0.464,0.348,0.187,0.374,0.474,0.188,0.449,0.453,0.231,0.221,0.25,341.0
55,54,0.1848,0.10911764705882353,0.7342592592592594,0.6056666666666667,0.24905882352941175,0.2875,0.5374999999999999,0.535,0.305,-1.393,0.22,0.08631516389086262,0.123,0.11237928946972016,0.25,0.5,-Infinity,0.464,0.348,0.187,0.374,0.474,0.188,0.449,0.453,0.231,0.221,0.25,341.0
51,50,0.23099999999999998,0.13094117647058826,0.7411851851851853,0.6338333333333334,0.10199999999999998,0.217,0.5374999999999999,0.535,0.305,-1.238551,0.22,0.08494025321284038,0.123,0.10250427831811681,0.25,0.5,-Infinity,0.464,0.348,0.187,0.374,0.474,0.188,0.449,0.453,0.231,0.221,0.25,341.0
23,22,0.2618,0.0,0.6234444444444445,0.8591666666666666,0.4255294117647059,0.358,0.5374999999999999,0.23777777777777778,0.122,-1.341517,0.22575616456786068,0.17886720603210993,0.20519354838709677,0.12744285147865092,0.25,0.5,2.1836830421216202,0.464,0.348,0.187,0.374,0.474,0.188,0.449,0.453,0.231,0.221,0.25,341.0
28,27,0.616,0.32735294117647057,0.4918518518518519,0.831,0.3961176470588235,0.37366666666666665,1.0,0.535,0.305,-1.255712,0.22,0.2192551496101442,0.12932258064516128,0.19313499142973856,0.25,0.5,1.0697396898147833,0.464,0.348,0.187,0.374,0.474,0.188,0.449,0.453,0.231,0.221,0.25,341.0
26,25,0.5082,0.24005882352941177,0.671925925925926,0.6056666666666667,0.36670588235294116,0.2875,0.6299999999999999,0.41611111111111115,0.2745,-1.358678,0.22,0.09593472097955964,0.123,0.13268044549350777,0.25,0.5,-Infinity,0.464,0.348,0.187,0.374,0.474,0.188,0.449,0.453,0.231,0.221,0.25,341.0
40,39,0.154,0.043647058823529414,0.7896666666666667,0.5775,0.2196470588235294,0.20916666666666667,0.25999999999999995,0.17833333333333334,0.2135,-1.341517,0.22,0.08013647183195693,0.123,0.07733813581044832,0.25,0.5,-Infinity,0.464,0.348,0.187,0.374,0.474,0.188,0.449,0.453,0.231,0.221,0.25,341.0
21,20,0.616,0.24005882352941177,0.5403333333333333,0.6619999999999999,0.48435294117647054,0.16999999999999998,1.0,0.47555555555555556,0.305,-1.393,0.22,0.22165257088613965,0.12932258064516128,0.2002110169338916,0.25,0.5,1.0697396898147833,0.464,0.348,0.187,0.374,0.474,0.188,0.449,0.453,0.231,0.221,0.25,341.0
89,88,0.0,0.0,0.8035185185185185,0.493,0.10199999999999998,0.13866666666666666,0.3524999999999999,0.0,0.0305,-1.393,0.22,0.07811997824976216,0.123,0.06793488577805121,0.25,0.5,-Infinity,0.464,0.348,0.187,0.374,0.474,0.188,0.449,0.453,0.231,0.221,0.25,341.0
98,97,0.061599999999999995,0.0,0.7550370370370372,0.5775,0.13141176470588234,0.29533333333333334,0.3524999999999999,0.0,0.0305,-1.307195,0.22,0.07875492595349745,0.123,0.06941225131170445,0.25,0.5,-Infinity,0.464,0.348,0.187,0.374,0.474,0.188,0.449,0.453,0.231,0.221,0.25,341.0
72,71,0.015399999999999999,0.0,0.7065555555555556,0.493,0.10199999999999998,0.31883333333333336,0.7224999999999999,0.3566666666666667,0.244,-1.358678,0.22,0.08043146247551915,0.123,0.09797708279660011,0.25,0.5,-Infinity,0.464,0.348,0.187,0.374,0.474,0.188,0.449,0.453,0.231,0.221,0.25,341.0
113,112,0.0462,0.0,0.7273333333333334,0.493,0.1608235294117647,0.16999999999999998,0.25999999999999995,0.535,0.305,-1.393,0.22,0.08005524018535262,0.123,0.08164924183529411,0.25,0.5,-Infinity,0.464,0.348,0.187,0.374,0.474,0.188,0.449,0.453,0.231,0.221,0.25,341.0
117,116,0.1694,0.043647058823529414,0.768888888888889,0.493,0.10199999999999998,0.2718333333333333,0.3524999999999999,0.2972222222222223,0.183,-1.358678,0.22,0.08047414990650945,0.123,0.07833830868722545,0.25,0.5,-Infinity,0.464,0.348,0.187,0.374,0.474,0.188,0.449,0.453,0.231,0.221,0.25,341.0
100,99,0.0,0.0,0.7204074074074075,0.5211666666666667,0.13141176470588234,0.1935,0.44499999999999995,0.23777777777777778,0.1525,-1.324356,0.22,0.07899470126220029,0.123,0.08121995182386675,0.25,0.5,-Infinity,0.464,0.348,0.187,0.374,0.474,0.188,0.449,0.453,0.231,0.221,0.25,341.0
12,11,0.8161999999999999,0.3055294117647059,0.5680370370370371,0.9155,0.36670588235294116,0.405,0.815,0.47555555555555556,0.2745,-1.375839,0.22,0.21363097104136258,0.12932258064516128,0.15882090298707133,0.25,0.5,1.0697396898147833,0.464,0.348,0.187,0.374,0.474,0.188,0.449,0.453,0.231,0.221,0.25,341.0
15,14,0.4158,0.15276470588235294,0.6442222222222223,0.7464999999999999,0.45494117647058824,0.1935,0.7224999999999999,0.535,0.305,-1.393,0.22228516614224778,0.20374514380105074,0.14196774193548387,0.16052937948684784,0.25,0.5,1.5468609445344457,0.464,0.348,0.187,0.374,0.474,0.188,0.449,0.453,0.231,0.221,0.25,341.0
106,105,0.0462,0.0,0.7204074074074075,0.5775,0.10199999999999998,0.217,0.7224999999999999,0.0,0.0305,-1.324356,0.22,0.07911600399813387,0.123,0.07413376474346643,0.25,0.5,-Infinity,0.464,0.348,0.187,0.374,0.474,0.188,0.449,0.453,0.231,0.221,0.25,341.0
54,53,0.1848,0.06547058823529413,0.768888888888889,0.5493333333333333,0.27847058823529414,0.31883333333333336,0.44499999999999995,0.2972222222222223,0.183,-1.375839,0.22,0.08304285534449596,0.123,0.09456569838647275,0.25,0.5,-Infinity,0.464,0.348,0.187,0.374,0.474,0.188,0.449,0.453,0.231,0.221,0.25,341.0
107,106,0.061599999999999995,0.043647058823529414,0.8035185185185185,0.493,0.10199999999999998,0.17783333333333334,0.44499999999999995,0.47555555555555556,0.305,-1.393,0.22,0.08102753005643805,0.123,0.09126329844205255,0.25,0.5,-Infinity,0.464,0.348,0.187,0.374,0.474,0.188,0.449,0.453,0.231,0.221,0.25,341.0
85,84,0.015399999999999999,0.0,0.8104444444444445,0.493,0.10199999999999998,0.20133333333333334,0.25999999999999995,0.0,0.0305,-1.393,0.22,0.0781924846044225,0.123,0.06636335101493056,0.25,0.5,-Infinity,0.464,0.348,0.187,0.374,0.474,0.188,0.449,0.453,0.231,0.221,0.25,341.0
35,34,0.061599999999999995,0.021823529411764707,0.7896666666666667,0.5211666666666667,0.13141176470588234,0.1465,0.25999999999999995,0.535,0.305,-1.393,0.22,0.08004888962413538,0.123,0.08096090792279412,0.25,0.5,-Infinity,0.464,0.348,0.187,0.374,0.474,0.188,0.449,0.453,0.231,0.221,0.25,341.0
111,110,0.030799999999999998,0.0,0.8035185185185185,0.493,0.10199999999999998,0.123,0.3524999999999999,0.0,0.0305,-1.324356,0.22,0.07840351410388144,0.123,0.0679395125112934,0.25,0.5,-Infinity,0.464,0.348,0.187,0.374,0.474,0.188,0.449,0.453,0.231,0.221,0.25,341.0
109,108,0.44659999999999994,0.15276470588235294,0.7204074074074075,0.7183333333333333,0.24905882352941175,0.1935,0.6299999999999999,0.47555555555555556,0.2745,-1.375839,0.22,0.09206664922427628,0.123,0.12102121292749471,0.25,0.5,-Infinity,0.464,0.348,0.187,0.374,0.474,0.188,0.449,0.453,0.231,0.221,0.25,341.0
61,60,0.077,0.021823529411764707,0.6234444444444445,0.493,0.10199999999999998,0.217,0.6299999999999999,0.535,0.305,-1.393,0.22,0.08271590225007888,0.123,0.1050097866985294,0.25,0.5,-Infinity,0.464,0.348,0.187,0.374,0.474,0.188,0.449,0.453,0.231,0.221,0.25,341.0
84,83,0.015399999999999999,0.0,0.8035185185185185,0.5775,0.10199999999999998,0.1935,0.44499999999999995,0.23777777777777778,0.1525,-1.324356,0.22,0.07897010443594274,0.123,0.07917036214735644,0.25,0.5,-Infinity,0.464,0.348,0.187,0.374,0.474,0.188,0.449,0.453,0.231,0.221,0.25,341.0
39,38,0.154,0.0,0.7342592592592594,0.5775,0.13141176470588234,0.24833333333333332,0.3524999999999999,0.535,0.305,-1.393,0.22,0.08140090286576653,0.123,0.08646507593995098,0.25,0.5,-Infinity,0.464,0.348,0.187,0.374,0.474,0.188,0.449,0.453,0.231,0.221,0.25,341.0
59,58,0.10779999999999998,0.06547058823529413,0.8104444444444445,0.5211666666666667,0.10199999999999998,0.123,0.25999999999999995,0.535,0.2745,-1.393,0.22,0.080252188919816,0.123,0.08027606866665646,0.25,0.5,-Infinity,0.464,0.348,0.187,0.374,0.474,0.188,0.449,0.453,0.231,0.221,0.25,341.0
87,86,0.0924,0.043647058823529414,0.5888148148148149,0.493,0.1608235294117647,0.18566666666666665,0.6299999999999999,0.47555555555555556,0.1525,-1.358678,0.22,0.08265077730435451,0.123,0.10368943244669288,0.25,0.5,-Infinity,0.464,0.348,0.187,0.374,0.474,0.188,0.449,0.453,0.231,0.221,0.25,341.0
77,76,0.015399999999999999,0.0,0.8104444444444445,0.5493333333333333,0.13141176470588234,0.2875,0.3524999999999999,0.17833333333333334,0.1525,-1.324356,0.22,0.07877340790200657,0.123,0.07554223716444099,0.25,0.5,-Infinity,0.464,0.348,0.187,0.374,0.474,0.188,0.449,0.453,0.231,0.221,0.25,341.0
73,72,0.015399999999999999,0.0,0.6996296296296297,0.493,0.1608235294117647,0.24833333333333332,0.9075,0.23777777777777778,0.1525,-1.324356,0.22,0.08077226190268842,0.123,0.10463992013333943,0.25,0.5,-Infinity,0.464,0.348,0.187,0.374,0.474,0.188,0.449,0.453,0.231,0.221,0.25,341.0
64,63,0.030799999999999998,0.021823529411764707,0.6857777777777778,0.493,0.10199999999999998,0.22483333333333333,0.5374999999999999,0.2972222222222223,0.122,-1.375839,0.22,0.07953308391304845,0.123,0.08459014155452652,0.25,0.5,-Infinity,0.464,0.348,0.187,0.374,0.474,0.188,0.449,0.453,0.231,0.221,0.25,341.0
104,103,0.0,0.0,0.8173703703703705,0.493,0.10199999999999998,0.123,0.25999999999999995,0.0,0.0305,-1.324356,0.22,0.078088582070408,0.123,0.06637991125962962,0.25,0.5,-Infinity,0.464,0.348,0.187,0.374,0.474,0.188,0.449,0.453,0.231,0.221,0.25,341.0
103,102,0.0462,0.043647058823529414,0.8104444444444445,0.5211666666666667,0.10199999999999998,0.17783333333333334,0.25999999999999995,0.0,0.0305,-1.393,0.22,0.07843189071927788,0.123,0.06719972818913092,0.25,0.5,-Infinity,0.464,0.348,0.187,0.374,0.474,0.188,0.449,0.453,0.231,0.221,0.25,341.0
99,98,0.030799999999999998,0.0,0.8312222222222223,0.493,0.10199999999999998,0.16216666666666668,0.25999999999999995,0.0,0.0305,-1.324356,0.22,0.07829724424525088,0.123,0.06637037392480903,0.25,0.5,-Infinity,0.464,0.348,0.187,0.374,0.474,0.188,0.449,0.453,0.231,0.221,0.25,341.0
14,13,0.1386,0.06547058823529413,0.7273333333333334,0.6056666666666667,0.10199999999999998,0.16216666666666668,0.44499999999999995,0.47555555555555556,0.244,-1.358678,0.22,0.0818077711293966,0.123,0.09067976424244757,0.25,0.5,-Infinity,0.464,0.348,0.187,0.374,0.474,0.188,0.449,0.453,0.231,0.221,0.25,341.0
69,68,0.154,0.021823529411764707,0.8173703703703705,0.6338333333333334,0.4255294117647059,0.13866666666666666,0.5374999999999999,0.23777777777777778,0.122,-1.341517,0.22493955742655278,0.17751703295774837,0.21151612903225808,0.12990562655812055,0.25,0.5,2.2158677254930215,0.464,0.348,0.187,0.374,0.474,0.188,0.449,0.453,0.231,0.221,0.25,341.0
1,0,0.5544,0.28370588235294114,0.7065555555555556,0.6901666666666667,0.36670588235294116,0.3345,0.7224999999999999,0.535,0.305,-1.393,0.22,0.20607165398351002,0.12932258064516128,0.1507818135630208,0.25,0.5,1.0697396898147833,0.464,0.348,0.187,0.374,0.474,0.188,0.449,0.453,0.231,0.221,0.25,341.0
34,33,0.24639999999999998,0.06547058823529413,0.6165185185185186,0.7183333333333333,0.30788235294117644,0.20133333333333334,0.9075,0.535,0.305,-1.393,0.22521005349020307,0.19526629164822434,0.16093548387096773,0.1655373758320553,0.25,0.5,1.847890940198427,0.464,0.348,0.187,0.374,0.474,0.188,0.449,0.453,0.231,0.221,0.25,341.0
36,35,0.23099999999999998,0.06547058823529413,0.7065555555555556,0.5775,0.2196470588235294,0.18566666666666665,0.7224999999999999,0.41611111111111115,0.2745,-1.358678,0.22,0.08790548201297044,0.123,0.11949026519205053,0.25,0.5,-Infinity,0.464,0.348,0.187,0.374,0.474,0.188,0.449,0.453,0.231,0.221,0.25,341.0
81,80,0.12319999999999999,0.06547058823529413,0.671925925925926,0.6338333333333334,0.27847058823529414,0.25616666666666665,0.5374999999999999,0.47555555555555556,0.2745,-1.358678,0.22,0.08506391247080422,0.123,0.1107194426738714,0.25,0.5,-Infinity,0.464,0.348,0.187,0.374,0.474,0.188,0.449,0.453,0.231,0.221,0.25,341.0
114,113,0.030799999999999998,0.0,0.7896666666666667,0.493,0.10199999999999998,0.16216666666666668,0.3524999999999999,0.3566666666666667,0.2135,-1.393,0.22,0.07932368898448042,0.123,0.07964099195776692,0.25,0.5,-Infinity,0.464,0.348,0.187,0.374,0.474,0.188,0.449,0.453,0.231,0.221,0.25,341.0
52,51,0.38499999999999995,0.15276470588235294,0.6580740740740741,0.6619999999999999,0.45494117647058824,0.22483333333333333,0.815,0.535,0.305,-1.393,0.22249035288751481,0.20582913551338738,0.13564516129032259,0.17184400458822652,0.25,0.5,1.3707696854787645,0.464,0.348,0.187,0.374,0.474,0.188,0.449,0.453,0.231,0.221,0.25,341.0
16,15,0.2618,0.10911764705882353,0.7550370370370372,0.6056666666666667,0.2196470588235294,0.1465,0.6299999999999999,0.2972222222222223,0.305,-1.238551,0.22,0.08687476125769034,0.123,0.11094920209637119,0.25,0.5,-Infinity,0.464,0.348,0.187,0.374,0.474,0.188,0.449,0.453,0.231,0.221,0.25,341.0
110,109,0.10779999999999998,0.0,0.7550370370370372,0.5211666666666667,0.10199999999999998,0.2875,0.3524999999999999,0.2972222222222223,0.183,-1.341517,0.22,0.07976555475955871,0.123,0.07715993621965953,0.25,0.5,-Infinity,0.464,0.348,0.187,0.374,0.474,0.188,0.449,0.453,0.231,0.221,0.25,341.0
112,111,0.1386,0.043647058823529414,0.6234444444444445,0.5493333333333333,0.13141176470588234,0.13866666666666666,0.6299999999999999,0.0,0.0305,-1.393,0.22,0.08071460904580906,0.123,0.07736747312605698,0.25,0.5,-Infinity,0.464,0.348,0.187,0.374,0.474,0.188,0.449,0.453,0.231,0.221,0.25,341.0
45,44,0.308,0.13094117647058826,0.7827407407407407,0.7464999999999999,0.13141176470588234,0.1465,0.25999999999999995,0.41611111111111115,0.244,-1.375839,0.22,0.08163056674433622,0.123,0.08015034170512791,0.25,0.5,-Infinity,0.464,0.348,0.187,0.374,0.474,0.188,0.449,0.453,0.231,0.221,0.25,341.0
22,21,0.847,0.15276470588235294,0.5403333333333333,1.0,0.5431764705882353,0.3423333333333334,1.0,0.47555555555555556,0.2745,-1.375839,0.22,0.2266506777075521,0.12932258064516128,0.19694296794451252,0.25,0.5,1.0697396898147833,0.464,0.348,0.187,0.374,0.474,0.188,0.449,0.453,0.231,0.221,0.25,341.0
63,62,0.015399999999999999,0.0,0.7411851851851853,0.5493333333333333,0.10199999999999998,0.15433333333333332,0.44499999999999995,0.47555555555555556,0.2745,-1.375839,0.22,0.08014859983501338,0.123,0.08941849319412262,0.25,0.5,-Infinity,0.464,0.348,0.187,0.374,0.474,0.188,0.449,0.453,0.231,0.221,0.25,341.0
90,89,0.23099999999999998,0.043647058823529414,0.6303703703703705,0.5775,0.3961176470588235,0.31883333333333336,0.815,0.47555555555555556,0.244,-1.358678,0.22,0.09341963354382134,0.123,0.14633688587264831,0.25,0.5,-Infinity,0.464,0.348,0.187,0.374,0.474,0.188,0.449,0.453,0.231,0.221,0.25,341.0
58,57,0.21559999999999996,0.17458823529411766,0.8381481481481482,0.5211666666666667,0.10199999999999998,0.15433333333333332,0.25999999999999995,0.535,0.305,-1.393,0.22,0.08144852631740397,0.123,0.0826060744606209,0.25,0.5,-Infinity,0.464,0.348,0.187,0.374,0.474,0.188,0.449,0.453,0.231,0.221,0.25,341.0
48,47,0.3234,0.15276470588235294,0.6788518518518519,0.6338333333333334,0.19023529411764706,0.16999999999999998,0.5374999999999999,0.47555555555555556,0.2745,-1.393,0.22,0.08735170927351688,0.123,0.10813705501128958,0.25,0.5,-Infinity,0.464,0.348,0.187,0.374,0.474,0.188,0.449,0.453,0.231,0.221,0.25,341.0
31,30,0.4004,0.10911764705882353,0.5611111111111111,0.8028333333333333,0.4255294117647059,0.3501666666666666,0.9075,0.535,0.305,-1.393,0.22,0.20760201841309195,0.12932258064516128,0.1704168674298713,0.25,0.5,1.0697396898147833,0.464,0.348,0.187,0.374,0.474,0.188,0.449,0.453,0.231,0.221,0.25,341.0
86,85,0.10779999999999998,0.021823529411764707,0.8520000000000001,0.493,0.10199999999999998,0.16999999999999998,0.25999999999999995,0.535,0.1525,-1.393,0.22,0.07965901286786593,0.123,0.07716508888327206,0.25,0.5,-Infinity,0.464,0.348,0.187,0.374,0.474,0.188,0.449,0.453,0.231,0.221,0.25,341.0
38,37,0.2002,0.08729411764705883,0.7619629629629631,0.6338333333333334,0.13141176470588234,0.17783333333333334,0.25999999999999995,0.535,0.305,-1.393,0.22,0.08122469387593867,0.123,0.08207522091462417,0.25,0.5,-Infinity,0.464,0.348,0.187,0.374,0.474,0.188,0.449,0.453,0.231,0.221,0.25,341.0
56,55,0.7545999999999999,0.371,0.5611111111111111,0.7464999999999999,0.45494117647058824,0.20916666666666667,0.3524999999999999,0.23777777777777778,0.305,-1.393,0.22654747693869184,0.18761574782801632,0.1862258064516129,0.12647412955151638,0.25,0.5,2.0697396898147833,0.464,0.348,0.187,0.374,0.474,0.188,0.449,0.453,0.231,0.221,0.25,341.0
80,79,0.1848,0.021823529411764707,0.8104444444444445,0.5493333333333333,0.10199999999999998,0.18566666666666665,0.44499999999999995,0.3566666666666667,0.2745,-1.375839,0.22,0.08176952678814185,0.123,0.08641799844138395,0.25,0.5,-Infinity,0.464,0.348,0.187,0.374,0.474,0.188,0.449,0.453,0.231,0.221,0.25,341.0
75,74,0.015399999999999999,0.0,0.7965925925925927,0.493,0.13141176470588234,0.15433333333333332,0.25999999999999995,0.2972222222222223,0.2135,-1.341517,0.22,0.07891111795639094,0.123,0.07520071818756346,0.25,0.5,-Infinity,0.464,0.348,0.187,0.374,0.474,0.188,0.449,0.453,0.231,0.221,0.25,341.0
67,66,0.2618,0.06547058823529413,0.5957407407407408,0.6338333333333334,0.24905882352941175,0.217,0.815,0.535,0.305,-1.393,0.22,0.09209425956999501,0.123,0.13797743246315358,0.25,0.5,-Infinity,0.464,0.348,0.187,0.374,0.474,0.188,0.449,0.453,0.231,0.221,0.25,341.0
42,41,0.38499999999999995,0.13094117647058826,0.6857777777777778,0.7183333333333333,0.36670588235294116,0.20916666666666667,0.6299999999999999,0.535,0.305,-1.393,0.22826685406877537,0.19143323185602254,0.17990322580645163,0.1547779965168417,0.25,0.5,2.023982199254108,0.464,0.348,0.187,0.374,0.474,0.188,0.449,0.453,0.231,0.221,0.25,341.0
79,78,0.308,0.043647058823529414,0.7481111111111112,0.493,0.30788235294117644,0.15433333333333332,0.25999999999999995,0.0,0.0305,-1.393,0.22,0.0808786110901058,0.123,0.07505143191646241,0.25,0.5,-Infinity,0.464,0.348,0.187,0.374,0.474,0.188,0.449,0.453,0.231,0.221,0.25,341.0
96,95,0.061599999999999995,0.0,0.6165185185185186,0.6056666666666667,0.13141176470588234,0.2796666666666667,0.9075,0.3566666666666667,0.2135,-1.341517,0.22,0.08252690822583685,0.123,0.11047671572072619,0.25,0.5,-Infinity,0.464,0.348,0.187,0.374,0.474,0.188,0.449,0.453,0.231,0.221,0.25,341.0
105,104,0.0462,0.021823529411764707,0.7204074074074075,0.5493333333333333,0.13141176470588234,0.20133333333333334,0.3524999999999999,0.3566666666666667,0.2745,-1.375839,0.22,0.07993403321849445,0.123,0.08294887983195201,0.25,0.5,-Infinity,0.464,0.348,0.187,0.374,0.474,0.188,0.449,0.453,0.231,0.221,0.25,341.0
91,90,0.061599999999999995,0.043647058823529414,0.7896666666666667,0.5493333333333333,0.10199999999999998,0.15433333333333332,0.3524999999999999,0.535,0.305,-1.393,0.22,0.08061737471340036,0.123,0.08668754003198528,0.25,0.5,-Infinity,0.464,0.348,0.187,0.374,0.474,0.188,0.449,0.453,0.231,0.221,0.25,341.0
92,91,0.5389999999999999,0.24005882352941177,0.6580740740740741,0.8028333333333333,0.2196470588235294,0.32666666666666666,1.0,0.535,0.305,-1.393,0.22,0.20829184870981748,0.12932258064516128,0.16069376571895422,0.25,0.5,1.0697396898147833,0.464,0.348,0.187,0.374,0.474,0.188,0.449,0.453,0.231,0.221,0.25,341.0
93,92,0.030799999999999998,0.0,0.7273333333333334,0.5211666666666667,0.10199999999999998,0.1465,0.44499999999999995,0.0,0.0305,-1.324356,0.22,0.07850942646126646,0.123,0.06949881450915364,0.25,0.5,-Infinity,0.464,0.348,0.187,0.374,0.474,0.188,0.449,0.453,0.231,0.221,0.25,341.0
25,24,0.10779999999999998,0.06547058823529413,0.6372962962962964,0.5775,0.10199999999999998,0.1465,0.7224999999999999,0.535,0.305,-1.393,0.22,0.0846291979439663,0.123,0.11473297100121527,0.25,0.5,-Infinity,0.464,0.348,0.187,0.374,0.474,0.188,0.449,0.453,0.231,0.221,0.25,341.0
47,46,0.5389999999999999,0.24005882352941177,0.5888148148148149,0.8873333333333333,0.30788235294117644,0.16999999999999998,0.9075,0.41611111111111115,0.244,-1.358678,0.22,0.2071456766541453,0.12932258064516128,0.15674374346852374,0.25,0.5,1.0697396898147833,0.464,0.348,0.187,0.374,0.474,0.188,0.449,0.453,0.231,0.221,0.25,341.0
46,45,0.4311999999999999,0.10911764705882353,0.6511481481481483,0.6056666666666667,0.4255294117647059,0.15433333333333332,0.9075,0.2972222222222223,0.244,-1.375839,0.2222409525652362,0.20329608590530346,0.13564516129032259,0.16052459855596551,0.25,0.5,1.3707696854787645,0.464,0.348,0.187,0.374,0.474,0.188,0.449,0.453,0.231,0.221,0.25,341.0
37,36,0.308,0.13094117647058826,0.6234444444444445,0.6619999999999999,0.30788235294117644,0.358,0.44499999999999995,0.47555555555555556,0.2745,-1.375839,0.22,0.08677027764746496,0.123,0.10560120795654655,0.25,0.5,-Infinity,0.464,0.348,0.187,0.374,0.474,0.188,0.449,0.453,0.231,0.221,0.25,341.0
88,87,0.015399999999999999,0.0,0.7827407407407407,0.493,0.10199999999999998,0.20133333333333334,0.25999999999999995,0.0,0.0305,-1.307195,0.22,0.0781925577118855,0.123,0.06636536255488426,0.25,0.5,-Infinity,0.464,0.348,0.187,0.374,0.474,0.188,0.449,0.453,0.231,0.221,0.25,341.0
118,117,0.0,0.0,0.8520000000000001,0.493,0.10199999999999998,0.123,0.25999999999999995,0.0,0.0305,-1.393,0.22,0.07808849068607925,0.123,0.06637739683468749,0.25,0.5,-Infinity,0.464,0.348,0.187,0.374,0.474,0.188,0.449,0.453,0.231,0.221,0.25,341.0
74,73,0.030799999999999998,0.021823529411764707,0.8104444444444445,0.493,0.10199999999999998,0.13866666666666666,0.25999999999999995,0.2972222222222223,0.183,-1.324356,0.22,0.07887802903922958,0.123,0.0740445344500236,0.25,0.5,-Infinity,0.464,0.348,0.187,0.374,0.474,0.188,0.449,0.453,0.231,0.221,0.25,341.0
